<odoo>

    <record id="approval_table" model="res.groups">
        <field name="name">Contract: Approval Table</field>
        <field name="implied_ids" eval="[(4, ref('account.group_account_invoice'))]"/>
    </record>

    <record id="can_approve_contract" model="res.groups">
        <field name="name">Contract: Approve Contract</field>
        <field name="implied_ids" eval="[(4, ref('account.group_account_invoice'))]"/>
    </record>

    <record id="can_create_credit_movement" model="res.groups">
        <field name="name">Contract: Can Create Sofom Credit Movement</field>
        <field name="implied_ids" eval="[(4, ref('account.group_account_invoice'))]"/>
    </record>
	
</odoo>
