id,name,model_id:id,group_id:id,perm_read,perm_write,perm_create,perm_unlink
access_agv_contract,access_agv_contract,model_agv_contract,base.group_user,1,1,1,0
access_sofom_contract,access_sofom_contract,model_sofom_contract,base.group_user,1,1,1,0
access_contract_type,access_contract_type,model_contract_type,base.group_user,1,1,1,0
access_credit_type,access_credit_type,model_credit_type,base.group_user,1,1,1,0
access_credit_document_line,access_credit_document_line,model_credit_document_line,base.group_user,1,1,1,0
access_agv_contract_document_line,access_agv_contract_document_line,model_agv_contract_document_line,base.group_user,1,1,1,1
access_agv_contract_wizard,access_agv_contract_wizard,model_agv_contract_wizard,base.group_user,1,0,1,0
access_sofom_contract_movement,access_sofom_contract_movement,model_sofom_contract_movement,base.group_user,1,1,1,0 
access_agv_contract_report_wizard,access_agv_contract_report_wizard,model_agv_contract_report_wizard,base.group_user,1,1,1,1 
