<odoo>
  <data noupdate="1">
    <record id="ir_cron_data_document_update_state" model="ir.cron">
      <field name="name">Documents: update state</field>
      <field name="model_id" ref="model_res_partner_document"/>
      <field name="type">ir.actions.server</field>
      <field name="state">code</field>
      <field name="code">model.update_state()</field>
      <field name="interval_number">1</field>
      <field name="interval_type">days</field>
      <field name="numbercall">-1</field>
    </record>
  </data>
</odoo>
