<?xml version="1.0" encoding="UTF-8"?>
<templates id="SolMapFormFieldTemplate" xml:space="preserve">
    <div t-name="SolMapFormField" class="container-fluid">
        <div class="row">
            <div class="col-1 mb-1">
                <button type="button" id="sol-geocode" class="btn btn-info">GeoCode</button>
            </div>
            <div class="col">
                <div id="o_geocoding_solform" class="col o_geocoding_solform alert alert-primary" rol="alert"></div>
            </div>
        </div>
        <div class="row">
            <div class="col">
                <div id="olmapform" class="olmapform" style="height: 400px; width:auto;"></div>
            </div>
        </div>
        <!-- Modal Chose Draw Type-->
        <div class="modal fade" id="drawingModel" tabindex="-1" aria-labelledby="drawingModalLabel" aria-hidden="true">
            <div class="modal-dialog">
                  <div class="modal-content">
                      <div class="modal-header">
                        <h5 class="modal-title" id="drawingModalLabel">Chose Shape to Draw </h5>
                          <!--<a role="button" id="btn-close-modal-solmap"  class="btn-close-modal-solmap"></a>-->
                        <!--<button type="button" class="btn-close-modal" data-bs-dismiss="modal" aria-label="Close"></button>-->
                      </div>
                      <div class="modal-body text-center">
                          <div class="row">
                              <div class="col px-2">
                                  <div class="card">
                                      <div class="card-body">
                                          <h5 class="card-title">Point</h5>
                                          <h6 class="card-subtitle mb-2 text-muted">Tree</h6>
                                          <p class="card-text">
                                              <i class="fa fa-map-marker fa-4x startDraw" id="Point"></i>
                                          </p>
                                      </div>
                                  </div>
                              </div>
                              <div class="col px-2">
                                  <div class="card">
                                      <div class="card-body">
                                          <h5 class="card-title">Line</h5>
                                          <h6 class="card-subtitle mb-2 text-muted">Road</h6>
                                          <p class="card-text">
                                              <i class="fa fa-road fa-4x startDraw" id="LineString"></i>
                                          </p>
                                      </div>
                                  </div>
                              </div>
                              <div class="col px-2">
                                  <div class="card">
                                      <div class="card-body">
                                          <h5 class="card-title">Polygon</h5>
                                          <h6 class="card-subtitle mb-2 text-muted">Building</h6>
                                          <p class="card-text">
                                              <i class="fa fa-building fa-4x startDraw" id="Polygon"></i>
                                          </p>
                                      </div>
                                  </div>
                              </div>
                              <div class="col px-2">
                                  <div class="card">
                                      <div class="card-body">
                                          <h5 class="card-title">Rectangle</h5>
                                          <h6 class="card-subtitle mb-2 text-muted">Zone</h6>
                                          <p class="card-text">
                                              <i class="fa fa-square-o fa-4x startDraw" id="Box"></i>
                                          </p>
                                      </div>
                                  </div>
                              </div>
                              <div class="col px-2">
                                  <div class="card">
                                      <div class="card-body">
                                          <h5 class="card-title">Circle</h5>
                                          <h6 class="card-subtitle mb-2 text-muted">Zone</h6>
                                          <p class="card-text">
                                              <i class="fa fa-circle-thin fa-4x startDraw" id="Circle"></i>
                                          </p>
                                      </div>
                                  </div>
                              </div>
                          </div>
                      </div>
                      <div class="modal-footer">
                        <button type="button" id="solMapFormCloseDraw" class="btn btn-secondary" data-bs-dismiss="modal">Close</button>
                      </div>
                  </div>
            </div>
        </div>
        <!-- End Modal Chose Draw Type-->
        <!-- Modal fill Draw Form-->
        <div class="modal fade" id="EditFeatureModel" tabindex="-1" aria-labelledby="EditFeatureModalLabel" aria-hidden="true">
            <div class="modal-dialog">
                  <div class="modal-content">
                      <div class="modal-header">
                        <h5 class="modal-title" id="EditFeatureModalLabel">fill Draw Information </h5>
                          <a role="button" id="btn-close-modal-solmap"  class="btn-close-modal-solmap"></a>
                        <!--<button type="button" class="btn-close-modal" data-bs-dismiss="modal" aria-label="Close"></button>-->
                      </div>
                      <div class="modal-body text-center">
                          <table class="table table-striped">
                              <tr>
                                <td>
                                    <label for="stroke-color" class="col-form-label" >stroke color</label>
                                </td>
                                <td>
                                    <input type="color" id="stroke-color" value="#ffcc33" class="form-control form-control-sm" />
                                </td>
                                <td>
                                    <label for="stroke-width" class="col-form-label">stroke width</label>
                                </td>
                                <td>
                                    <input type="number" id="stroke-width" min="0" max ="6" step="1" value="2" class="form-control form-control-sm"/>
                                </td>
                              </tr>
                              <tr>
                                <td>
                                    <label for="image-radius" class="col-form-label">image radius</label>
                                </td>
                                <td>
                                    <input type="number" id="image-radius" min="1" max="10" step="1" value="7" class="form-control form-control-sm"/>
                                </td>
                                  <td>
                                    <label for="image-fill" class="col-form-label">image fill</label>
                                </td>
                                <td>
                                    <input type="color" id="image-fill" value="#ffcc33" class="form-control form-control-sm"/>
                                </td>
                              </tr>
                              <tr>
                                <td>
                                    <label for="fill-color" class="col-form-label">fill color</label>
                                </td>
                                <td>
                                    <input type="color" id="fill-color"  value="#ffcc33" class="form-control form-control-sm"/>
                                </td>
                                <td>
                                    <label for="fill-opacity" class="col-form-label">fill color opacity</label>
                                </td>
                                <td>
                                    <input type="number" min="0" max="1" step="0.1" value="1" id="fill-opacity" class="form-control form-control-sm"/>
                                </td>
                              </tr>
                               <tr>
                                <td>
                                    <label for="Key-word" class="col-form-label">Keyword</label>
                                </td>
                                <td colspan="3">
                                    <input type="text" id="Key-word" class="form-control form-control-sm"/>
                                </td>
                              </tr>
                          </table>
                      </div>
                      <div class="modal-footer">
                        <button type="button" id="solMapFormCloseProp" class="btn btn-secondary" data-bs-dismiss="modal">Close</button>
                        <button type="button" id="solMapFormEditProp" class="btn btn-primary">Save changes</button>
                      </div>
                  </div>
            </div>
        </div>
        <!-- End Modal fill Draw Form-->
    </div>
</templates>
