id,name,model_id/id,group_id/id,perm_read,perm_write,perm_create,perm_unlink
access_survey_score_template_category,survey_score_template.category,model_survey_score_template_category,base.group_user,1,1,1,1
access_survey_score_template_domain,survey_score_template.domain,model_survey_score_template_domain,base.group_user,1,1,1,1
access_survey_score_template_dimension,survey_score_template.dimension,model_survey_score_template_dimension,base.group_user,1,1,1,1
access_survey_score_template_qualification,survey_score_template.qualification,model_survey_score_template_qualification,base.group_user,1,1,1,1
access_survey_score_template_continuity,survey_score_template.continuity,model_survey_score_template_continuity,base.group_user,1,1,1,1
access_survey_score_template_survey_employee,survey_score_template.survey_employee,model_survey_score_template_survey_employee,base.group_user,1,1,1,1
access_survey_score_template_survey_traumatic,survey_score_template.survey_traumatic,model_survey_score_template_survey_traumatic,base.group_user,1,1,1,1
access_survey_workplace,survey.workplace,model_survey_workplace,base.group_user,1,1,1,1